EasyCap,Mobita,RMS_E_subset,RMS_M_subset
2,Pilot01,11.938293,9.772789
11,Piloto5,9.987293,24.303484
17,Pilot03,11.473369,16.458824
19,Pilot09,9.990287,24.60047
20,Pilot08,9.825456,11.206358
21,Pilot04,10.728801,97.516823
24,Pilot07,14.084472,68.598495
25,Pilot06,7.828424,17.289486
32,Pliot10,11.982706,25.009825
43,Pilot02,10.880723,8.212142
